index,url,valid,domain,title,description,image,published,archive,content,quote,language,keyword
https://www.zeit.de/news/2024-01/01/raketenalarm-in-israel-zu-neujahrsbeginn,https://www.zeit.de/news/2024-01/01/raketenalarm-in-israel-zu-neujahrsbeginn,0,www.zeit.de,Krieg in Nahost: Raketenalarm in Israel zu Neujahrsbeginn,Hier finden Sie Informationen zu dem Thema „Krieg in Nahost“. Lesen Sie jetzt „Raketenalarm in Israel zu Neujahrsbeginn“.,https://img.zeit.de/news/2024-01/01/raketenalarm-in-israel-zu-neujahrsbeginn-image-group/wide__1300x731,2024-01-01T04:44:12Z,,"In Israel hat es in der Neujahrsnacht erneut in mehreren Städten Raketenalarm gegeben. An der Grenze zum Gazastreifen und im Landesinnern hätten die Sirenen geheult, teilte die israelische Armee in d… [+5495 chars]",,de,'Krieg'
https://www.welt.de/wirtschaft/video249310036/Neues-Jahr-neue-Preise-Tanken-heizen-essen-gehen-Das-wird-jetzt-teurer.html,https://www.welt.de/wirtschaft/video249310036/Neues-Jahr-neue-Preise-Tanken-heizen-essen-gehen-Das-wird-jetzt-teurer.html,0,www.welt.de,"Heizen, Tanken, Restaurant-Besuche – das wird jetzt teurer",2024 wird vieles teurer: Restaurantbesucher müssen sich mit dem Jahreswechsel auf steigende Preise für Speisen einstellen. Seit Mitternacht gilt wieder der reguläre Mehrwertsteuersatz von 19 Prozent. Auch Heizen und Tanken werden teurer. Der CO₂-Preis steigt …,https://img.welt.de/img/wirtschaft/mobile249310130/3811352197-ci16x9-w1200/Mehrwertsteuer-in-der-Gastronomie.jpg,2024-01-01T13:29:03Z,,"Die WELT als ePaper: Die vollständige Ausgabe steht Ihnen bereits am Vorabend zur Verfügung so sind Sie immer hochaktuell informiert. Weitere Informationen: http://epaper.welt.de 
 Der Kurz-Link die… [+49 chars]",,de,'Heizen'
https://www.zeit.de/news/2024-01/01/kiews-praesidentenberater-russland-ist-schon-laengst-tot,https://www.zeit.de/news/2024-01/01/kiews-praesidentenberater-russland-ist-schon-laengst-tot,0,www.zeit.de,Ukraine-Krieg: Kiews Präsidentenberater: Russland ist schon längst tot,Hier finden Sie Informationen zu dem Thema „Ukraine-Krieg“. Lesen Sie jetzt „Kiews Präsidentenberater: Russland ist schon längst tot“.,https://img.zeit.de/news/2024-01/01/kiews-praesidentenberater-russland-ist-schon-laengst-tot-image-group/wide__1300x731,2024-01-01T19:34:13Z,,Der ukrainische Präsidentenberater Mychajlo Podoljak betrachtet Russlands Drohungen mit weiteren Angriffen gegen die Ukraine als pure Prahlerei. Denn eigentlich sei Russland «schon längst tot». Doch … [+1944 chars],,de,'Krieg'
https://www.zeit.de/news/2024-01/02/krieg-gegen-die-ukraine-so-ist-die-lage,https://www.zeit.de/news/2024-01/02/krieg-gegen-die-ukraine-so-ist-die-lage,0,www.zeit.de,Russische Invasion: Krieg gegen die Ukraine: So ist die Lage,Hier finden Sie Informationen zu dem Thema „Russische Invasion“. Lesen Sie jetzt „Krieg gegen die Ukraine: So ist die Lage“.,https://img.zeit.de/news/2024-01/02/krieg-gegen-die-ukraine-so-ist-die-lage-image-group/wide__1300x731,2024-01-02T04:06:54Z,,"Der ukrainische Präsident Wolodymyr Selenskyj hat den Westen davor gewarnt, vor Russland Schwäche zu zeigen. Denn sollte die Ukraine diesen Krieg gegen Russland verlieren, werde Kremlchef Wladimir Pu… [+5382 chars]",,de,'Krieg'
https://www.telepolis.de/features/Klimageld-Wo-bleibt-der-Ausgleich-fuer-steigende-Heiz-und-Tankkosten-9584723.html,https://www.telepolis.de/features/Klimageld-Wo-bleibt-der-Ausgleich-fuer-steigende-Heiz-und-Tankkosten-9584723.html,0,www.telepolis.de,Klimageld: Wo bleibt der Ausgleich für steigende Heiz- und Tankkosten?,Kosten für Heizen und Tanken sind mit dem Jahreswechsel gestiegen. Ein sozialer Ausgleich lässt auf sich warten. Warum die Ampel beim Klimageld zögert.,https://heise.cloudimg.io/bound/1200x1200/q85.png-lossy-85.webp-lossy-85.foil1/_www-heise-de_/imgs/18/4/5/1/9/3/8/0/klimageld-entlastung-bei-co2-preisanstieg.jpg-2e4fe513d0381f08.jpeg,2024-01-02T06:00:00Z,,"Symbolbild: Mit dem Klimageld werden Verbraucher bei steigenden CO2-Kosten entlastet.
(Bild: moerschy, Pixabay)
Kosten für Heizen und Tanken sind mit dem Jahreswechsel gestiegen. Ein sozialer Ausgl… [+4349 chars]",,de,'Heizen'
https://www.stern.de/gesellschaft/regional/hamburg-schleswig-holstein/energie--windbranche-leidet-weiter-unter-planungsunsicherheit-34329922.html,https://www.stern.de/gesellschaft/regional/hamburg-schleswig-holstein/energie--windbranche-leidet-weiter-unter-planungsunsicherheit-34329922.html,0,www.stern.de,Energie: Windbranche leidet weiter unter Planungsunsicherheit,2023 sind mehr als 230 Windräder in SH neu ans Netz gegangen. Auch die Genehmigungszahlen sind gut. Dennoch blickt der Branchenverband nicht nur zuversichtlich in die Zukunft.,https://image.stern.de/34329924/t/u2/v1/w1440/r1.7778/-/02--urnnewsmldpacom2009010124010299465673v2w800h600l1500t985r4500b2961jpeg---7b874068a9c94065.jpg,2024-01-02T06:02:54Z,,"2023 sind mehr als 230 Windräder in SH neu ans Netz gegangen. Auch die Genehmigungszahlen sind gut. Dennoch blickt der Branchenverband nicht nur zuversichtlich in die Zukunft.
Die Windbranche in Sch… [+3664 chars]",,de,'Windräder'
https://www.focus.de/finanzen/news/nach-haushaltseinigung-co2-hammer-gilt-so-teuer-wird-es-jetzt-fuer-autofahrer-mieter-hausbesitzer_id_259495937.html,https://www.focus.de/finanzen/news/nach-haushaltseinigung-co2-hammer-gilt-so-teuer-wird-es-jetzt-fuer-autofahrer-mieter-hausbesitzer_id_259495937.html,0,www.focus.de,"CO2-Hammer kommt - Große Energie-Rechnung! So teuer wird es jetzt für Autofahrer, Mieter, Hausbesitzer","Die Bundesregierung muss sparen, denn es fehlen Milliarden im Bundeshaushalt. Das Defizit sollen unter anderem alle Haushalte in Deutschland durch höhere CO2-Abgabe und einer höheren Mehrwertsteuer auf Gas und Fernwärme ausgleichen. FOCUS online rechnet vor, …",https://p6.focus.de/img/fotos/id_259495868/gettyimages-515149070.jpg?im=Crop%3D%280%2C423%2C3242%2C1621%29%3BResize%3D%281200%2C627%29&impolicy=perceptual&quality=mediumHigh&hash=dbdc4e57b95849ae5ba08c1394bf91579e52b9e0240cf06705cae4fe035ec7d4,2024-01-02T07:40:55Z,https://web.archive.org/web/20240102091920/https://www.focus.de/finanzen/news/nach-haushaltseinigung-co2-hammer-gilt-so-teuer-wird-es-jetzt-fuer-autofahrer-mieter-hausbesitzer_id_259495937.html,"Das Jahr beginnt mit heftigen Preiserhöhungen bei der Energie! Grund? Der Bund muss sparen, im Haushalt klafft ein Milliardenloch. Besonders beim Heizen und Tanken treffen die Änderungen nun Millione… [+7786 chars]",,de,'Gas'
https://www.tagesspiegel.de/wirtschaft/immobilien/neuerungen-fur-immobiliennutzer-das-andert-sich-2024-fur-mieter-und-eigentumer-10984582.html,https://www.tagesspiegel.de/wirtschaft/immobilien/neuerungen-fur-immobiliennutzer-das-andert-sich-2024-fur-mieter-und-eigentumer-10984582.html,0,www.tagesspiegel.de,Neuerungen für Immobiliennutzer: Das ändert sich 2024 für Mieter und Eigentümer,"Grundsteuer, Nebenkosten, Heizen: Was tut sich im neuen Jahr beim Wohnen, Vermieten, Versteuern, Bauen und Fördern? Eine Übersicht.",https://www.tagesspiegel.de/wirtschaft/images/immobilienmarktatlas-hamburg-und-umland2/alternates/BASE_16_9_W1400/immobilienmarktatlas-hamburg-und-umland.jpeg,2024-01-02T08:27:38Z,https://web.archive.org/web/20240102090903/https://www.tagesspiegel.de/wirtschaft/immobilien/neuerungen-fur-immobiliennutzer-das-andert-sich-2024-fur-mieter-und-eigentumer-10984582.html,"Grundsteuer, Nebenkosten, Heizen: Was tut sich im neuen Jahr beim Wohnen, Vermieten, Versteuern, Bauen und Fördern? Eine Übersicht.",,de,'Heizen'
https://www.zeit.de/wirtschaft/2024-01/energiepreise-anstieg-eon-leonhard-birnbaum,https://www.zeit.de/wirtschaft/2024-01/energiepreise-anstieg-eon-leonhard-birnbaum,0,www.zeit.de,Leonhard Birnbaum: Eon-Chef stimmt Verbraucher auf höhere Energiepreise ein,"Nachdem die Energiepreise zuletzt wieder gesunken waren, warnt Eon-Chef Birnbaum vor neuen Preissteigerungen. Bereits jetzt kostet Strom doppelt so viel wie noch 2021.",https://img.zeit.de/wirtschaft/2024-01/energiepreise-anstieg-eon-leonhard-birnbaum-bild/wide__1300x731,2024-01-02T08:43:00Z,,"Der Chef des Energiekonzerns Eon, Leonhard Birnbaum, hat die Verbraucher im neuen Jahr auf steigende Energiepreise eingestellt. ""Strom und Gas drohen nach den bisherigen Preissenkungen ab 2024 möglic… [+1822 chars]",,de,'Gas'
https://www.stern.de/gesellschaft/regional/baden-wuerttemberg/energiepreise--immer-mehr-menschen-fehlt-geld-fuer-ausreichendes-heizen-34331070.html,https://www.stern.de/gesellschaft/regional/baden-wuerttemberg/energiepreise--immer-mehr-menschen-fehlt-geld-fuer-ausreichendes-heizen-34331070.html,0,www.stern.de,Energiepreise: Immer mehr Menschen fehlt Geld für ausreichendes Heizen,"Menschen in Baden-Württemberg fehlt nach eigener Einschätzung zunehmend das Geld dafür, ihre Wohnungen im Winter angemessen zu heizen. Das berichtete das Statistische Landesamt am Dienstag unter Bezug auf Ergebnisse der europäischen Gemeinschaftsstatistik übe…",https://image.stern.de/34331072/t/wk/v1/w1440/r1.7778/-/02--urnnewsmldpacom2009010124010299469054v3w800h600l145t0r2413b1703jpeg---b4c77641e1d5cc29.jpg,2024-01-02T11:05:13Z,https://web.archive.org/web/20240102111556/https://www.stern.de/gesellschaft/regional/baden-wuerttemberg/energiepreise--immer-mehr-menschen-fehlt-geld-fuer-ausreichendes-heizen-34331070.html,"Menschen in Baden-Württemberg fehlt nach eigener Einschätzung zunehmend das Geld dafür, ihre Wohnungen im Winter angemessen zu heizen. Das berichtete das Statistische Landesamt am Dienstag unter Bezu… [+1624 chars]",,de,'Energiepreise'
https://www.zeit.de/news/2024-01/02/immer-mehr-menschen-fehlt-geld-fuer-ausreichendes-heizen,https://www.zeit.de/news/2024-01/02/immer-mehr-menschen-fehlt-geld-fuer-ausreichendes-heizen,0,www.zeit.de,Energiepreise: Immer mehr Menschen fehlt Geld für ausreichendes Heizen,Hier finden Sie Informationen zu dem Thema „Energiepreise“. Lesen Sie jetzt „Immer mehr Menschen fehlt Geld für ausreichendes Heizen“.,https://img.zeit.de/news/2024-01/02/immer-mehr-menschen-fehlt-geld-fuer-ausreichendes-heizen-image-group/wide__1300x731,2024-01-02T11:05:13Z,,"Menschen in Baden-Württemberg fehlt nach eigener Einschätzung zunehmend das Geld dafür, ihre Wohnungen im Winter angemessen zu heizen. Das berichtete das Statistische Landesamt am Dienstag unter Bezu… [+1621 chars]",,de,'Energiepreise'
https://www.welt.de/wirtschaft/video249320678/Preissteigerungen-So-teuer-wird-das-Jahr-2024-eine-Uebersicht.html,https://www.welt.de/wirtschaft/video249320678/Preissteigerungen-So-teuer-wird-das-Jahr-2024-eine-Uebersicht.html,0,www.welt.de,So teuer wird das Jahr 2024 – eine Übersicht,"Das neue Jahr wird wohl vor allem eines: teuer – ob beim Heizen, beim Tanken, bei Restaurant-Besuchen oder Flügen. Wo es überall zu Preiserhöhungen kommen wird, zeigt Reporterin Alina Quast bei WELT TV.",https://img.welt.de/img/vermischtes/mobile249321202/5281352637-ci16x9-w1200/alina-quast-0201-02-jpg.jpg,2024-01-02T11:18:32Z,https://web.archive.org/web/20240102120711/https://www.welt.de/wirtschaft/video249320678/Preissteigerungen-So-teuer-wird-das-Jahr-2024-eine-Uebersicht.html,"Die WELT als ePaper: Die vollständige Ausgabe steht Ihnen bereits am Vorabend zur Verfügung so sind Sie immer hochaktuell informiert. Weitere Informationen: http://epaper.welt.de 
 Der Kurz-Link die… [+49 chars]",,de,'Heizen'
https://www.sueddeutsche.de/bayern/geothermie-bayern-waermewende-kosten-1.6327054,https://www.sueddeutsche.de/bayern/geothermie-bayern-waermewende-kosten-1.6327054,0,www.sueddeutsche.de,"Heizen: Die Energie, die aus der Tiefe kommt",In der Geothermie sehen viele Experten großes Potenzial für die Wärmewende. Auch die Staatsregierung will ihren Anteil deutlich erhöhen. Dennoch geht in Bayern wenig voran. Das liegt vor allem am Geld.,https://www.sueddeutsche.de/image/sz.1.6327055/1200x675?v=1704201587,2024-01-02T13:19:53Z,,"2. Januar 2024, 14:19 Uhr
Eine der bayerischen Geothermie-Anlagen steht in Grünwald bei München. Bisher leisten sich vor allem finanzstarke Kommunen solche Kraftwerke.
(Foto: Claus Schunk)
In der … [+998 chars]",,de,'Bayern'
https://www.sueddeutsche.de/wirtschaft/co-preis-2024-deutschland-benzin-1.6327339,https://www.sueddeutsche.de/wirtschaft/co-preis-2024-deutschland-benzin-1.6327339,0,www.sueddeutsche.de,Energie: Was der höhere CO₂-Preis für Verbraucher bedeutet,"Wer 2024 mit fossilen Kraftstoffen heizt oder damit sein Auto betankt, muss mehr zahlen. Wen das besonders trifft und welche Ideen es gibt, die Bürger zu entlasten.",https://www.sueddeutsche.de/image/sz.1.6327340/1200x675?v=1704205930,2024-01-02T14:45:54Z,,"Wer 2024 mit fossilen Kraftstoffen heizt oder damit sein Auto betankt, muss mehr zahlen. Wen das besonders trifft und welche Ideen es gibt, die Bürger zu entlasten. Was klimaschädlich ist, wird teure… [+845 chars]",,de,'fossile Energie'
https://www.morgenpost.de/politik/article240908948/heizung-heizkosten-sparen-empfehlung-schornsteinfeger-tipps-verbraucher.html,https://www.morgenpost.de/politik/article240908948/heizung-heizkosten-sparen-empfehlung-schornsteinfeger-tipps-verbraucher.html,0,www.morgenpost.de,Heizung: Schornsteinfeger rät Verbrauchern zum Handeln,"Im neuen Jahr steigt der CO₂-Preis fürs Heizen. Ein Experte erklärt, wie sich das auf die Kosten auswirkt und für wen es richtig teuer wird.",https://img.sparknews.funkemedien.de/240908946/240908946_1704134296_v4_3_800.jpeg,2024-01-02T15:35:00Z,https://web.archive.org/web/20240102175338/https://www.morgenpost.de/politik/article240908948/heizung-heizkosten-sparen-empfehlung-schornsteinfeger-tipps-verbraucher.html,"Berlin. Im neuen Jahr steigt der CO-Preis fürs Heizen. Schornsteinfeger Julian Schwark erklärt, wie sich das auswirkt und wann es teuer wird.
<ul><li>Im vergangenen Jahr ging es in der politischen D… [+4751 chars]",,de,'Heizen'
https://www.faz.net/aktuell/politik/ausland/israel-krieg-im-liveticker-israelischer-drohnenangriff-auf-hamas-buero-in-beirut-faz-19226976.html,https://www.faz.net/aktuell/politik/ausland/israel-krieg-im-liveticker-israelischer-drohnenangriff-auf-hamas-buero-in-beirut-faz-19226976.html,0,www.faz.net,Liveblog zum Krieg in Nahost: Israelischer Drohnenangriff auf Hamas-Büro in Beirut,Israels Armee reagiert auf Angriffe aus Syrien und Libanon +++ USA ziehen Flugzeugträger aus östlichem Mittelmeer ab +++ Iranisches Kriegsschiff fährt ins Rote Meer +++ alle Entwicklungen im Liveblog,https://media0.faz.net/ppmedia/aktuell/3646254256/1.9422118/facebook_teaser/eine-palaestinensische-flagge.jpg,2024-01-02T16:48:07Z,,"Liveblog zum Krieg in Nahost: Israelischer Drohnenangriff auf Hamas-Büro in Beirut
Liveblog zum Krieg in Nahost
Libanesische Staatsmedien: Tödlicher Angriff aus Israel auf Hamas-Büro in Beirut
Von… [+265 chars]",,de,'Krieg'
https://www.n-tv.de/politik/Kinschal-Raketen-sind-Russlands-Hoffnung-im-Krieg-der-Ruestungsindustrien-article24634408.html,https://www.n-tv.de/politik/Kinschal-Raketen-sind-Russlands-Hoffnung-im-Krieg-der-Ruestungsindustrien-article24634408.html,0,www.n-tv.de,Masse statt Wunderwaffe: Kinschal-Raketen sind Russlands Hoffnung im Krieg der Rüstungsindustrien,"Die ukrainische Luftabwehr hatte lange große Probleme mit den russischen Kinschal-Raketen. Das ist vorbei, die angebliche ""Wunderwaffe"" ist keine. Allerdings passen die Kinschals gut zur Abnutzungsstrategie der Russen.",https://bilder1.n-tv.de/img/incoming/crop24634400/5981322505-cImg_16_9-w1200/af5b0c23a740bfbcfd906338662dccdd.jpg,2024-01-02T17:06:07Z,,"Die ukrainische Luftabwehr hatte lange große Probleme mit den russischen Kinschal-Raketen. Das ist vorbei, die angebliche ""Wunderwaffe"" ist keine. Allerdings passen die Kinschals gut zur Abnutzungsst… [+5940 chars]",,de,'Krieg'
https://www.diepresse.com/17959422/mitten-im-krieg-explodiert-das-streitthema-justiz,https://www.diepresse.com/17959422/mitten-im-krieg-explodiert-das-streitthema-justiz,0,www.diepresse.com,Mitten im Krieg explodiert das Streitthema Justiz [premium],Monatelang entzweite die Kontroverse um die Justizreform Israel. Nun könnte Premier Netanjahu das Projekt ad acta legen.,https://img.diepresse.com/public/incoming/d6dpsd-TOPSHOT-ISRAEL-PALESTINIAN-CONFLICT/alternates/DPR_SOCIAL_NACHRICHTEN_PAID/TOPSHOT-ISRAEL-PALESTINIAN-CONFLICT,2024-01-02T17:11:35Z,,"Monatelang entzweite die Kontroverse um die Justizreform Israel. Nun könnte Premier Netanjahu das Projekt ad acta legen. 
Bis zum Terrorangriff der Hamas war die Justizreform das bestimmende Thema i… [+1207 chars]",,de,'Krieg'
https://www.faz.net/aktuell/politik/ausland/israel-krieg-im-liveticker-hamas-anfuehrer-offenbar-in-beirut-getoetet-faz-19226976.html,https://www.faz.net/aktuell/politik/ausland/israel-krieg-im-liveticker-hamas-anfuehrer-offenbar-in-beirut-getoetet-faz-19226976.html,0,www.faz.net,Liveblog zum Krieg in Nahost: Hamas-Anführer offenbar durch israelischen Angriff in Beirut getötet,Sicherheitsvertreter: Nummer zwei der Hamas bei Angriff in Beirut getötet +++ USA ziehen Flugzeugträger aus östlichem Mittelmeer ab +++ Iranisches Kriegsschiff fährt ins Rote Meer +++ alle Entwicklungen im Liveblog,https://media0.faz.net/ppmedia/aktuell/16711464/1.9422194/facebook_teaser/bei-einer-explosion-in-beirut.jpg,2024-01-02T17:22:17Z,,Bei einer Explosion in einem Vorort der libanesischen Hauptstadt Beirut soll am Dienstag der stellvertretende Leiter des Politbüros der islamistischen Hamas getötet worden sein. Mehrere Medien berich… [+1329 chars],,de,'Krieg'
https://taz.de/Kriegsgefahr-am-Horn-von-Afrika/!5979826/,https://taz.de/Kriegsgefahr-am-Horn-von-Afrika/!5979826/,0,taz.de,Kriegsgefahr am Horn von Afrika: Streit um Somaliland,Die Regionalmacht Äthiopien erschließt sich Zugang zum Meer – über einen historischen Deal mit Somaliland. Das Nachbarland Somalia ist erzürnt.,https://taz.de/picture/6741989/948/34346497-1.jpeg,2024-01-02T17:58:00Z,,"Die Regionalmacht Äthiopien erschließt sich Zugang zum Meer über einen historischen Deal mit Somaliland. Das Nachbarland Somalia ist erzürnt.
Der für Fischer reservierte Teil des Hafens von Berbera … [+4472 chars]",,de,'Krieg'
https://www.tagesschau.de/ausland/europa/ukraine-russische-angriffe-104.html,https://www.tagesschau.de/ausland/europa/ukraine-russische-angriffe-104.html,0,www.tagesschau.de,"Krieg in der Ukraine: ""Wir leiden alle wegen eines einzigen Menschen""",In den vergangenen Tagen hat Russland wieder vermehrt zivile Ziele in ukrainischen Großstädten angegriffen. Die Nerven vieler Menschen dort liegen blank. Von Andrea Beer.,https://images.tagesschau.de/image/71a3072d-1c49-40e2-8f3b-1287fea8e8c1/AAABjMvhsMo/AAABibBxqrQ/16x9-1280/charkiw-ukraine-zerstoerte-wohnung-100.jpg,2024-01-02T20:33:35Z,,"Stand: 02.01.2024 21:33 Uhr
In den vergangenen Tagen hat Russland wieder vermehrt zivile Ziele in ukrainischen Großstädten angegriffen. Die Nerven vieler Menschen dort liegen blank.
Ein Meer an Sch… [+5292 chars]",,de,'Kälte'
https://www.n-tv.de/politik/16-58-Regierungschef-Ukraine-braucht-stabile-westliche-Unterstuetzung--article23143824.html,https://www.n-tv.de/politik/16-58-Regierungschef-Ukraine-braucht-stabile-westliche-Unterstuetzung--article23143824.html,0,www.n-tv.de,"Ukraine-Krieg im Liveticker: +++ 16:58 Regierungschef: Ukraine braucht ""stabile"" westliche Unterstützung +++",Lesen Sie alle aktuellen Entwicklungen und Nachrichten über den russischen Angriffskrieg auf die Ukraine im Liveticker von ntv.de.,https://bilder2.n-tv.de/img/incoming/crop23332537/9041326157-cImg_16_9-w1200/Liveticker1-grau-1-Kopie.jpg,2024-01-02T23:06:00Z,,"Der ukrainische Regierungschef Denys Schmyhal bittet den Westen für 2024 um Finanzhilfen in Höhe von gut 37 Milliarden Dollar (33,67 Milliarden Euro). Um ihre Wirtschaft trotz des russischen Angriffs… [+22766 chars]",,de,'Gas'
https://www.n-tv.de/politik/20-04-Experten-duerfen-Reaktorhallen-von-AKW-Saporischschja-nicht-betreten--article23143824.html,https://www.n-tv.de/politik/20-04-Experten-duerfen-Reaktorhallen-von-AKW-Saporischschja-nicht-betreten--article23143824.html,0,www.n-tv.de,Ukraine-Krieg im Liveticker: +++ 20:04 Experten dürfen Reaktorhallen von AKW Saporischschja nicht betreten +++,Lesen Sie alle aktuellen Entwicklungen und Nachrichten über den russischen Angriffskrieg auf die Ukraine im Liveticker von ntv.de.,https://bilder2.n-tv.de/img/incoming/crop23332537/9041326157-cImg_16_9-w1200/Liveticker1-grau-1-Kopie.jpg,2024-01-02T23:06:00Z,,"Fachleute der Internationalen Atomenergiebehörde (IAEA) sind nach Angaben der Organisation daran gehindert worden, die Reaktorhallen von drei Blöcken im von Russland besetzten ukrainischen Atomkraftw… [+27771 chars]",,de,'Krieg'
https://www.n-tv.de/politik/18-20-Ukraine-Putins-Partei-sucht-Soeldner-fuer-eigene-Privatarmee--article23143824.html,https://www.n-tv.de/politik/18-20-Ukraine-Putins-Partei-sucht-Soeldner-fuer-eigene-Privatarmee--article23143824.html,0,www.n-tv.de,Ukraine-Krieg im Liveticker: +++ 18:20 Ukraine: Putins Partei sucht Söldner für eigene Privatarmee +++,Lesen Sie alle aktuellen Entwicklungen und Nachrichten über den russischen Angriffskrieg auf die Ukraine im Liveticker von ntv.de.,https://bilder2.n-tv.de/img/incoming/crop23332537/9041326157-cImg_16_9-w1200/Liveticker1-grau-1-Kopie.jpg,2024-01-02T23:06:00Z,,"Wladimir Putins Regierungspartei ""Einiges Russland"" rekrutiert nach ukrainischen Angaben Freiwillige für ihre eigene Privatarmee, das Bataillon Espanola. Wie Kiews Militärgeheimdienst HUR berichtet, … [+24852 chars]",,de,'Gas'
https://www.n-tv.de/politik/17-24-Ukraine-und-Russland-tauschen-Hunderte-Kriegsgefangene-aus--article23143824.html,https://www.n-tv.de/politik/17-24-Ukraine-und-Russland-tauschen-Hunderte-Kriegsgefangene-aus--article23143824.html,0,www.n-tv.de,Ukraine-Krieg im Liveticker: +++ 17:24 Ukraine und Russland tauschen Hunderte Kriegsgefangene aus +++,Lesen Sie alle aktuellen Entwicklungen und Nachrichten über den russischen Angriffskrieg auf die Ukraine im Liveticker von ntv.de.,https://bilder2.n-tv.de/img/incoming/crop23332537/9041326157-cImg_16_9-w1200/Liveticker1-grau-1-Kopie.jpg,2024-01-02T23:06:00Z,,"Russland und die Ukraine haben nach übereinstimmenden Angaben erneut Kriegsgefangene ausgetauscht. Das russische Verteidigungsministerium berichtet von 248 seiner Soldaten, die nach Vermittlung der V… [+23311 chars]",,de,'Krieg'
https://www.n-tv.de/politik/19-41-Dringlichkeitssitzung-des-Ukraine-NATO-Rates-einberufen--article23143824.html,https://www.n-tv.de/politik/19-41-Dringlichkeitssitzung-des-Ukraine-NATO-Rates-einberufen--article23143824.html,0,www.n-tv.de,Ukraine-Krieg im Liveticker: +++ 19:41 Dringlichkeitssitzung des Ukraine-NATO-Rates einberufen +++,Lesen Sie alle aktuellen Entwicklungen und Nachrichten über den russischen Angriffskrieg auf die Ukraine im Liveticker von ntv.de.,https://bilder2.n-tv.de/img/incoming/crop23332537/9041326157-cImg_16_9-w1200/Liveticker1-grau-1-Kopie.jpg,2024-01-02T23:06:00Z,,"Wie Außenminister Dmytro Kuleba mitteilt, hat die NATO den Antrag Kiews auf Abhaltung einer Dringlichkeitssitzung des Ukraine-NATO-Rates als Reaktion auf die jüngsten großangelegten Angriffe Russland… [+26729 chars]",,de,'Gas'
https://www.focus.de/panorama/welt/vor-allem-gegen-winter-ende-muenchens-stadtwerke-chef-rechnet-mit-hoeheren-energiepreisen-fuer-verbraucher_id_259543422.html,https://www.focus.de/panorama/welt/vor-allem-gegen-winter-ende-muenchens-stadtwerke-chef-rechnet-mit-hoeheren-energiepreisen-fuer-verbraucher_id_259543422.html,0,www.focus.de,Vor allem gegen Winter-Ende - Münchens Stadtwerke-Chef rechnet mit höheren Energiepreisen für Verbraucher,"Der Chef der Münchner Stadtwerke, Florian Bieberbach, geht davon aus, dass auf Verbraucherinnen und Verbraucher schon bald deutlich höhere Energiepreise zukommen.",https://p6.focus.de/img/fotos/id_255733162/richtig-auf-strompre-24709631.jpg?im=Crop%3D%280%2C736%2C1800%2C900%29%3BResize%3D%281200%2C627%29&impolicy=perceptual&quality=mediumHigh&hash=1e5c274cca19dd1e5d92dbeff06f728128d2a09b0c7586a969f71d6d97891fab,2024-01-03T02:45:39Z,,"Der Chef der Münchner Stadtwerke, Florian Bieberbach, geht davon aus, dass auf Verbraucherinnen und Verbraucher schon bald deutlich höhere Energiepreise zukommen.Beim Strom müssten die Versorgungsunt… [+1350 chars]",,de,'Gas'
https://www.zeit.de/gesellschaft/zeitgeschehen/2024-01/grossbritannien-streik-aerzte-bezahlung,https://www.zeit.de/gesellschaft/zeitgeschehen/2024-01/grossbritannien-streik-aerzte-bezahlung,0,www.zeit.de,Gesundheitswesen in Großbritannien: Ärzte in Großbritannien streiken bis zu sechs Tage,"Junge Ärzte wollen mehr Geld und einen Inflationsausgleich, damit der Job attraktiver wird – auch für Nachwuchs. Die Lage in Kliniken und Praxen verschärft sich dadurch.",https://img.zeit.de/gesellschaft/zeitgeschehen/2024-01/aerzte-grossbritannien-streik/wide__1300x731,2024-01-03T04:45:47Z,,Im britischen Gesundheitswesen beginnt der möglicherweise längste landesweite Streik in seiner Geschichte. Junge Ärztinnen und Ärzte wollen in England ab Mittwoch 7 Uhr für sechs Tage ihre Arbeit nie… [+661 chars],,de,'Inflation'
https://www.tagesschau.de/ausland/europa/schweden-extremkaelte-100.html,https://www.tagesschau.de/ausland/europa/schweden-extremkaelte-100.html,0,www.tagesschau.de,Teils unter minus 40 Grad: Extremkälte hält Schweden in Atem,Ein Hochdruckgebiet sorgt im Norden Schwedens für extreme Kälte. Zuletzt wurden dort teils Temperaturen unter minus 40 Grad gemessen - selbst für die Schweden eine Herausforderung. Von Ann-Brit Bakkenbüll.,https://images.tagesschau.de/image/1c99540b-bcb8-4e0c-a05c-d9e020118c33/AAABjM6r92A/AAABibBxqrQ/16x9-1280/schweden-264.jpg,2024-01-03T09:33:45Z,,"Stand: 03.01.2024 10:33 Uhr
Ein Hochdruckgebiet sorgt im Norden Schwedens für extreme Kälte. Zuletzt wurden dort teils Temperaturen unter minus 40 Grad gemessen - selbst für die Schweden eine Heraus… [+2955 chars]",,de,'Kälte'
https://www.n-tv.de/wirtschaft/Studie-Steuersenkung-kommt-nicht-bei-Geringverdienern-an-article24635519.html,https://www.n-tv.de/wirtschaft/Studie-Steuersenkung-kommt-nicht-bei-Geringverdienern-an-article24635519.html,0,www.n-tv.de,IW will mit Klimageld kontern: Studie: Steuersenkung kommt nicht bei Geringverdienern an,"CO2-Preis, Inflation, Sozialbeiträge - die Kosten für Verbraucher steigen mit dem neuen Jahr erheblich. Die Bundesregierung federt dies mit Steuerentlastungen ab. Die kämen aber gerade denen, die sie am nötigsten haben, nicht zugute, stellt das IW in einer St…",https://bilder1.n-tv.de/img/incoming/crop24635540/2481323532-cImg_16_9-w1200/424290886.jpg,2024-01-03T09:39:04Z,,"CO2-Preis, Inflation, Sozialbeiträge - die Kosten für Verbraucher steigen mit dem neuen Jahr erheblich. Die Bundesregierung federt dies mit Steuerentlastungen ab. Die kämen aber gerade denen, die sie… [+2758 chars]",,de,'Gas'
https://www.diepresse.com/17960423/schweden-erfaehrt-kaelteste-jaennernacht-seit-25-jahren,https://www.diepresse.com/17960423/schweden-erfaehrt-kaelteste-jaennernacht-seit-25-jahren,0,www.diepresse.com,Schweden erfährt kälteste Jännernacht seit 25 Jahren,"Im nordschwedischen Ortschaft Kvikkjokk in Lappland wurden minus 43,6 Grad Celsius gemessen. Auch in Finnland hält die Kälte an.",https://img.diepresse.com/public/incoming/mzacey-SWEDEN-WEATHER-SNOW-FEATURE/alternates/DPR_SOCIAL_NACHRICHTEN/SWEDEN-WEATHER-SNOW-FEATURE,2024-01-03T10:41:04Z,,"Im nordschwedischen Ortschaft Kvikkjokk in Lappland wurden minus 43,6 Grad Celsius gemessen. Auch in Finnland hält die Kälte an.
Die klirrende Kälte im hohen Norden Europas hat Schweden die kälteste… [+1246 chars]",,de,'Kälte'
https://taz.de/Kinder-in-der-Ukraine/!5979772/,https://taz.de/Kinder-in-der-Ukraine/!5979772/,0,taz.de,Kinder in der Ukraine: Tanzen zur Musik des Krieges,In der ostukrainischen Stadt Charkiw trotzt eine Tanzschule dem russischen Angriffskrieg. Die Kinder lernen beim Tanzen viel über sich selbst.,https://taz.de/picture/6741804/948/34346553-1.jpeg,2024-01-03T11:50:00Z,,"In der ostukrainischen Stadt Charkiw trotzt eine Tanzschule dem russischen Angriffskrieg. Die Kinder lernen beim Tanzen viel über sich selbst.
Jaryna, die Tochter der Choreographen und Aryna (rechts… [+6866 chars]",,de,'Krieg'
https://www.zeit.de/news/2024-01/03/us-geheimdienste-schifa-krankenhaus-wurde-von-hamas-genutzt,https://www.zeit.de/news/2024-01/03/us-geheimdienste-schifa-krankenhaus-wurde-von-hamas-genutzt,0,www.zeit.de,Gaza-Krieg: US-Geheimdienste: Schifa-Krankenhaus wurde von Hamas genutzt,Hier finden Sie Informationen zu dem Thema „Gaza-Krieg“. Lesen Sie jetzt „US-Geheimdienste: Schifa-Krankenhaus wurde von Hamas genutzt“.,https://img.zeit.de/news/2024-01/03/us-geheimdienste-schifa-krankenhaus-wurde-von-hamas-genutzt-image-group/wide__1300x731,2024-01-03T11:58:47Z,,Terroristen der Hamas und des Islamischen Dschihad haben nach Einschätzung der US-Geheimdienste das Schifa-Krankenhaus in der Stadt Gaza als Kommandozentrale für den Kampf gegen israelische Truppen g… [+2152 chars],,de,'Krieg'
https://orf.at/stories/3344644/,https://orf.at/stories/3344644/,0,orf.at,"Klirrende Kälte mit bis zu minus 43,6 Grad in Schweden",,https://orf.at/mojo/1_4_1/storyserver//news/common/images/og-fallback-news.png,2024-01-03T13:51:51Z,,"Die klirrende Kälte im hohen Norden Europas hat Schweden die kälteste Jänner-Nacht seit 25 Jahren beschert.
In der kleinen nordschwedischen Ortschaft Kvikkjokk in Lappland wurden minus 43,6 Grad Cel… [+570 chars]",,de,'Kälte'
https://www.n-tv.de/politik/15-36-Putin-unterzeichnet-Dekrete-am-Fliessband-doch-die-Haelfte-ist-geheim--article23143824.html,https://www.n-tv.de/politik/15-36-Putin-unterzeichnet-Dekrete-am-Fliessband-doch-die-Haelfte-ist-geheim--article23143824.html,0,www.n-tv.de,Ukraine-Krieg im Liveticker: +++ 15:36 Putin unterzeichnet Dekrete am Fließband - doch die Hälfte ist geheim +++,Lesen Sie alle aktuellen Entwicklungen und Nachrichten über den russischen Angriffskrieg auf die Ukraine im Liveticker von ntv.de.,https://bilder2.n-tv.de/img/incoming/crop23332537/9041326157-cImg_16_9-w1200/Liveticker1-grau-1-Kopie.jpg,2024-01-03T23:06:00Z,,"Seit Kriegsbeginn in der Ukraine unterzeichnet Präsident Wladimir Putin haufenweise Dekrete - so wie jüngst die Möglichkeit für Söldner, den russischen Pass zu bekommen. Eine Untersuchung der Mediens… [+24157 chars]",,de,'Putin'
https://www.n-tv.de/politik/07-33-US-Regierung-sieht-keine-Korruption-in-Kiew-bei-gelieferten-Waffen--article23143824.html,https://www.n-tv.de/politik/07-33-US-Regierung-sieht-keine-Korruption-in-Kiew-bei-gelieferten-Waffen--article23143824.html,0,www.n-tv.de,Ukraine-Krieg im Liveticker: +++ 07:33 US-Regierung sieht keine Korruption in Kiew bei gelieferten Waffen +++,Lesen Sie alle aktuellen Entwicklungen und Nachrichten über den russischen Angriffskrieg auf die Ukraine im Liveticker von ntv.de.,https://bilder2.n-tv.de/img/incoming/crop23332537/9041326157-cImg_16_9-w1200/Liveticker1-grau-1-Kopie.jpg,2024-01-03T23:06:00Z,,"Die Biden-Administration erklärt, dass die der Ukraine zur Verfügung gestellten US-Waffen ""auf dem Schlachtfeld angemessen eingesetzt werden"", sagt John Kirby, Sprecher des Weißen Hauses für national… [+7155 chars]",,de,'Krieg'
https://www.n-tv.de/politik/13-59-Rare-Raketen-Moskau-kauft-wohl-in-Teheran-ein--article23143824.html,https://www.n-tv.de/politik/13-59-Rare-Raketen-Moskau-kauft-wohl-in-Teheran-ein--article23143824.html,0,www.n-tv.de,Ukraine-Krieg im Liveticker: +++ 13:59 Rare Raketen? Moskau kauft wohl in Teheran ein +++,Lesen Sie alle aktuellen Entwicklungen und Nachrichten über den russischen Angriffskrieg auf die Ukraine im Liveticker von ntv.de.,https://bilder2.n-tv.de/img/incoming/crop23332537/9041326157-cImg_16_9-w1200/Liveticker1-grau-1-Kopie.jpg,2024-01-03T23:06:00Z,,"Wie das Wall Street Journal unter Berufung auf US-Beamte berichtet, plant Russland den Kauf von ballistischen Kurzstreckenraketen aus dem Iran. Das würde die Fähigkeit Moskaus verbessern, die Infrast… [+21042 chars]",,de,'Krieg'
https://www.n-tv.de/politik/14-17-Dekret-unterzeichnet-Putin-lockt-neue-Soeldner-zur-Armee--article23143824.html,https://www.n-tv.de/politik/14-17-Dekret-unterzeichnet-Putin-lockt-neue-Soeldner-zur-Armee--article23143824.html,0,www.n-tv.de,Ukraine-Krieg im Liveticker: +++ 14:17 Dekret unterzeichnet: Putin lockt neue Söldner zur Armee +++,Lesen Sie alle aktuellen Entwicklungen und Nachrichten über den russischen Angriffskrieg auf die Ukraine im Liveticker von ntv.de.,https://bilder2.n-tv.de/img/incoming/crop23332537/9041326157-cImg_16_9-w1200/Liveticker1-grau-1-Kopie.jpg,2024-01-03T23:06:00Z,,Für Russland in der Ukraine kämpfende Ausländer sollen künftig die russische Staatsbürgerschaft erhalten können. Ein entsprechendes Dekret unterzeichnet Präsident Wladimir Putin. Auch die Familien de… [+21914 chars],,de,'Putin'
https://www.n-tv.de/politik/06-58-Russischer-Gouverneur-600-Menschen-in-Belgorod-evakuiert--article23143824.html,https://www.n-tv.de/politik/06-58-Russischer-Gouverneur-600-Menschen-in-Belgorod-evakuiert--article23143824.html,0,www.n-tv.de,Ukraine-Krieg im Liveticker: +++ 06:58 Russischer Gouverneur: 600 Menschen in Belgorod evakuiert +++,Lesen Sie alle aktuellen Entwicklungen und Nachrichten über den russischen Angriffskrieg auf die Ukraine im Liveticker von ntv.de.,https://bilder2.n-tv.de/img/incoming/crop23332537/9041326157-cImg_16_9-w1200/Liveticker1-grau-1-Kopie.jpg,2024-01-03T23:06:00Z,,"Am gestrigen Mittwoch beschuldigt Russland die Ukraine, weitere Raketen- und Drohnenangriffe auf die südliche Region Belgorod durchgeführt zu haben. Der Gouverneur der Region, Wjatscheslaw Gladkow, e… [+6237 chars]",,de,'Krieg'
https://www.n-tv.de/politik/08-36-Russische-Raketen-in-Polens-Luftraum-Warschau-schliesst-Provokation-nicht-aus--article23143824.html,https://www.n-tv.de/politik/08-36-Russische-Raketen-in-Polens-Luftraum-Warschau-schliesst-Provokation-nicht-aus--article23143824.html,0,www.n-tv.de,Ukraine-Krieg im Liveticker: +++ 08:36 Russische Raketen in Polens Luftraum: Warschau schließt Provokation nicht aus +++,Lesen Sie alle aktuellen Entwicklungen und Nachrichten über den russischen Angriffskrieg auf die Ukraine im Liveticker von ntv.de.,https://bilder2.n-tv.de/img/incoming/crop23332537/9041326157-cImg_16_9-w1200/Liveticker1-grau-1-Kopie.jpg,2024-01-03T23:06:00Z,,"Warschau und seine westlichen Partner schließen bei der russischen Rakete, die am 29. Dezember kurzzeitig den polnischen Luftraum durchflog, eine Provokation Moskaus nicht aus. Das sagt der polnische… [+9011 chars]",,de,'Kälte'
https://www.n-tv.de/politik/08-08-Opferzahl-nach-russischem-Grossangriff-auf-Kiew-steigt-auf-32--article23143824.html,https://www.n-tv.de/politik/08-08-Opferzahl-nach-russischem-Grossangriff-auf-Kiew-steigt-auf-32--article23143824.html,0,www.n-tv.de,Ukraine-Krieg im Liveticker: +++ 08:08 Opferzahl nach russischem Großangriff auf Kiew steigt auf 32 +++,Lesen Sie alle aktuellen Entwicklungen und Nachrichten über den russischen Angriffskrieg auf die Ukraine im Liveticker von ntv.de.,https://bilder2.n-tv.de/img/incoming/crop23332537/9041326157-cImg_16_9-w1200/Liveticker1-grau-1-Kopie.jpg,2024-01-03T23:06:00Z,,"Die Zahl der Ukrainer, die bei den russischen Massenangriffen auf Kiew am 29. Dezember getötet wurden, steigt auf 32, nachdem zwei weitere Leichen in den Trümmern gefunden wurden, sagt Serhii Popko, … [+7729 chars]",,de,'Kälte'
https://www.n-tv.de/politik/09-59-Ukraine-will-weiteren-Gefangenenaustausch-mit-Russland-in-kommenden-Wochen--article23143824.html,https://www.n-tv.de/politik/09-59-Ukraine-will-weiteren-Gefangenenaustausch-mit-Russland-in-kommenden-Wochen--article23143824.html,0,www.n-tv.de,"Ukraine-Krieg im Liveticker: +++ 09:59 Ukraine will weiteren Gefangenenaustausch mit Russland ""in kommenden Wochen"" +++",Lesen Sie alle aktuellen Entwicklungen und Nachrichten über den russischen Angriffskrieg auf die Ukraine im Liveticker von ntv.de.,https://bilder2.n-tv.de/img/incoming/crop23332537/9041326157-cImg_16_9-w1200/Liveticker1-grau-1-Kopie.jpg,2024-01-03T23:06:00Z,,"Der ukrainische Ombudsmann für Menschenrechte äußert die Hoffnung, dass in den kommenden Wochen ein weiterer Gefangenenaustausch mit Russland stattfinden könnte. ""Ich hoffe, dass der Austauschprozess… [+12051 chars]",,de,'Kälte'
https://www.n-tv.de/politik/09-32-Gibt-es-Bewegung-in-der-Taurus-Debatte-FDP-Verteidigungsexperte-glaubt-daran--article23143824.html,https://www.n-tv.de/politik/09-32-Gibt-es-Bewegung-in-der-Taurus-Debatte-FDP-Verteidigungsexperte-glaubt-daran--article23143824.html,0,www.n-tv.de,Ukraine-Krieg im Liveticker: +++ 09:32 Gibt es Bewegung in der Taurus-Debatte? FDP-Verteidigungsexperte glaubt daran +++,Lesen Sie alle aktuellen Entwicklungen und Nachrichten über den russischen Angriffskrieg auf die Ukraine im Liveticker von ntv.de.,https://bilder2.n-tv.de/img/incoming/crop23332537/9041326157-cImg_16_9-w1200/Liveticker1-grau-1-Kopie.jpg,2024-01-03T23:06:00Z,,"Der Verteidigungsexperte der FDP-Bundestagsfraktion Marcus Faber geht davon aus, dass es in der Frage der Lieferung von Taurus-Marschflugkörpern an die Ukraine Bewegung geben wird. Im Frühstart von R… [+11043 chars]",,de,'Kälte'
https://www.n-tv.de/politik/12-43-Hunderte-Russen-ergeben-sich-im-Dezember-ukrainischer-Hotline-wirkt--article23143824.html,https://www.n-tv.de/politik/12-43-Hunderte-Russen-ergeben-sich-im-Dezember-ukrainischer-Hotline-wirkt--article23143824.html,0,www.n-tv.de,Ukraine-Krieg im Liveticker: +++ 12:43 Hunderte Russen ergeben sich im Dezember: ukrainischer Hotline wirkt +++,Lesen Sie alle aktuellen Entwicklungen und Nachrichten über den russischen Angriffskrieg auf die Ukraine im Liveticker von ntv.de.,https://bilder2.n-tv.de/img/incoming/crop23332537/9041326157-cImg_16_9-w1200/Liveticker1-grau-1-Kopie.jpg,2024-01-03T23:06:00Z,,"Mehr als 220 russische Soldaten sollen sich seit Dezember über die Hotline ""Ich will leben"" der Ukraine ergeben haben, berichtet die Financial Times unter Berufung auf Witali Matwijenko, Sprecher der… [+18525 chars]",,de,'Krieg'
https://www.n-tv.de/politik/11-27-Bessere-Flugabwehr-fuer-Ukraine-soll-kommen-NATO-trifft-sich-kommende-Woche--article23143824.html,https://www.n-tv.de/politik/11-27-Bessere-Flugabwehr-fuer-Ukraine-soll-kommen-NATO-trifft-sich-kommende-Woche--article23143824.html,0,www.n-tv.de,Ukraine-Krieg im Liveticker: +++ 11:27 Bessere Flugabwehr für Ukraine soll kommen: NATO trifft sich kommende Woche +++,Lesen Sie alle aktuellen Entwicklungen und Nachrichten über den russischen Angriffskrieg auf die Ukraine im Liveticker von ntv.de.,https://bilder2.n-tv.de/img/incoming/crop23332537/9041326157-cImg_16_9-w1200/Liveticker1-grau-1-Kopie.jpg,2024-01-03T23:06:00Z,,Nach massiven russischen Angriffen auf die Ukraine zum Jahreswechsel wollen die NATO-Staaten und Kiew erneut über die ukrainische Luftabwehr beraten. Das Militärbündnis kündigt eine Sitzung des NATO-… [+15580 chars],,de,'Krieg'
https://www.n-tv.de/politik/06-19-Ukrainer-sind-kriegsmuede-Telemarathon-von-Selenskyj-und-Co-nerve--article23143824.html,https://www.n-tv.de/politik/06-19-Ukrainer-sind-kriegsmuede-Telemarathon-von-Selenskyj-und-Co-nerve--article23143824.html,0,www.n-tv.de,"Ukraine-Krieg im Liveticker: +++ 06:19 Ukrainer sind kriegsmüde: ""Telemarathon"" von Selenskyj und Co nerve +++",Lesen Sie alle aktuellen Entwicklungen und Nachrichten über den russischen Angriffskrieg auf die Ukraine im Liveticker von ntv.de.,https://bilder2.n-tv.de/img/incoming/crop23332537/9041326157-cImg_16_9-w1200/Liveticker1-grau-1-Kopie.jpg,2024-01-03T23:06:00Z,,"Einst von Präsident Wolodymyr Selenskyj als ""Waffe"" bezeichnet, sagen viele Ukrainer nach fast zwei Jahren Krieg, dass sie den von der Regierung unterstützten Telemarathon, der rund um die Uhr ausges… [+5478 chars]",,de,'Kälte'
https://www.n-tv.de/politik/01-39-Ukraine-meldet-neue-Angriffe-auf-Charkiw--article23143824.html,https://www.n-tv.de/politik/01-39-Ukraine-meldet-neue-Angriffe-auf-Charkiw--article23143824.html,0,www.n-tv.de,Ukraine-Krieg im Liveticker: +++ 01:39 Ukraine meldet neue Angriffe auf Charkiw +++,Lesen Sie alle aktuellen Entwicklungen und Nachrichten über den russischen Angriffskrieg auf die Ukraine im Liveticker von ntv.de.,https://bilder2.n-tv.de/img/incoming/crop23332537/9041326157-cImg_16_9-w1200/Liveticker1-grau-1-Kopie.jpg,2024-01-03T23:06:00Z,,Aus Charkiw werden am späten Abend erneut russische Luftangriffe gemeldet. Nach Angaben der Militärverwaltung gibt es Schäden an ziviler Infrastruktur im Stadtzentrum. Über Verletzte ist bislang nich… [+4191 chars],,de,'Kälte'
https://www.n-tv.de/politik/15-05-Budanow-dankt-VAE-fuer-Hilfe-bei-Deal-mit-Russland--article23143824.html,https://www.n-tv.de/politik/15-05-Budanow-dankt-VAE-fuer-Hilfe-bei-Deal-mit-Russland--article23143824.html,0,www.n-tv.de,Ukraine-Krieg im Liveticker: +++ 15:05 Budanow dankt VAE für Hilfe bei Deal mit Russland +++,Lesen Sie alle aktuellen Entwicklungen und Nachrichten über den russischen Angriffskrieg auf die Ukraine im Liveticker von ntv.de.,https://bilder2.n-tv.de/img/incoming/crop23332537/9041326157-cImg_16_9-w1200/Liveticker1-grau-1-Kopie.jpg,2024-01-03T23:06:00Z,,"Russland und die Ukraine tauschen dutzende Gefangene aus, Jubel und Erleichterung sind auf beiden Seiten groß. Kyrylo Budanow, Militärgeheimdienstchef der Ukraine spricht über die Vorbereitung des De… [+23134 chars]",,de,'Krieg'
https://www.n-tv.de/politik/09-09-Moskaus-Abnutzungsstrategie-darf-nicht-aufgehen-General-fordert-mehr-Munition-fuer-Flugabwehr--article23143824.html,https://www.n-tv.de/politik/09-09-Moskaus-Abnutzungsstrategie-darf-nicht-aufgehen-General-fordert-mehr-Munition-fuer-Flugabwehr--article23143824.html,0,www.n-tv.de,Ukraine-Krieg im Liveticker: +++ 09:09 Moskaus Abnutzungsstrategie darf nicht aufgehen: General fordert mehr Munition für Flugabwehr +++,Lesen Sie alle aktuellen Entwicklungen und Nachrichten über den russischen Angriffskrieg auf die Ukraine im Liveticker von ntv.de.,https://bilder2.n-tv.de/img/incoming/crop23332537/9041326157-cImg_16_9-w1200/Liveticker1-grau-1-Kopie.jpg,2024-01-03T23:06:00Z,,"Der ukrainische General Serhij Najew warnt vor akutem Munitionsmangel der Luftabwehr seines Landes. Derzeit reiche die Munition für die mobilen Flugabwehrsysteme der Ukraine zwar aus, ""um den nächste… [+10123 chars]",,de,'Kälte'
https://www.n-tv.de/politik/18-43-Grosse-Mehrheit-rechnet-2024-nicht-mit-Kriegsende--article23143824.html,https://www.n-tv.de/politik/18-43-Grosse-Mehrheit-rechnet-2024-nicht-mit-Kriegsende--article23143824.html,0,www.n-tv.de,Ukraine-Krieg im Liveticker: +++ 18:43 Große Mehrheit rechnet 2024 nicht mit Kriegsende +++,Lesen Sie alle aktuellen Entwicklungen und Nachrichten über den russischen Angriffskrieg auf die Ukraine im Liveticker von ntv.de.,https://bilder2.n-tv.de/img/incoming/crop23332537/9041326157-cImg_16_9-w1200/Liveticker1-grau-1-Kopie.jpg,2024-01-03T23:06:00Z,,"Der russische Angriffskrieg gegen die Ukraine wird aus Sicht der meisten Deutschen nicht 2024 enden. Nur jeder zehnte Deutsche (9 Prozent) hält ein Kriegsende in diesem Jahr eher für wahrscheinlich, … [+29288 chars]",,de,'Kälte'
https://www.n-tv.de/politik/16-47-Kriegsversehrte-schiessen-den-Himmel-ueber-Kiew-frei--article23143824.html,https://www.n-tv.de/politik/16-47-Kriegsversehrte-schiessen-den-Himmel-ueber-Kiew-frei--article23143824.html,0,www.n-tv.de,Ukraine-Krieg im Liveticker: +++ 16:47 Kriegsversehrte schießen den Himmel über Kiew frei +++,Lesen Sie alle aktuellen Entwicklungen und Nachrichten über den russischen Angriffskrieg auf die Ukraine im Liveticker von ntv.de.,https://bilder2.n-tv.de/img/incoming/crop23332537/9041326157-cImg_16_9-w1200/Liveticker1-grau-1-Kopie.jpg,2024-01-03T23:06:00Z,,"Soldaten, die an der Front verletzt werden, können dort oft nicht weiterkämpfen. In Kiew aber formiert sich eine Einheit aus Kriegsversehrten, die vom Boden aus den Luftraum über der ukrainischen Hau… [+25785 chars]",,de,'Kälte'
https://www.n-tv.de/politik/16-12-Ukraine-setzt-Lebensmittelkonzern-auf-Liste-russischer-Kriegssponsoren--article23143824.html,https://www.n-tv.de/politik/16-12-Ukraine-setzt-Lebensmittelkonzern-auf-Liste-russischer-Kriegssponsoren--article23143824.html,0,www.n-tv.de,"Ukraine-Krieg im Liveticker: +++ 16:12 Ukraine setzt Lebensmittelkonzern auf Liste russischer ""Kriegssponsoren"" +++",Lesen Sie alle aktuellen Entwicklungen und Nachrichten über den russischen Angriffskrieg auf die Ukraine im Liveticker von ntv.de.,https://bilder2.n-tv.de/img/incoming/crop23332537/9041326157-cImg_16_9-w1200/Liveticker1-grau-1-Kopie.jpg,2024-01-03T23:06:00Z,,"Der litauische Lebensmittelkonzern Viciunai Group wird wegen seiner fortgesetzten Aktivitäten auf dem russischen Markt auf die ukrainische Liste der ""internationalen Kriegssponsoren"" gesetzt, teilt d… [+25046 chars]",,de,'Krieg'
https://www.welt.de/wirtschaft/article249345892/Rente-Hier-koennen-sich-Rentner-am-meisten-leisten-und-hier-am-wenigsten.html,https://www.welt.de/wirtschaft/article249345892/Rente-Hier-koennen-sich-Rentner-am-meisten-leisten-und-hier-am-wenigsten.html,0,www.welt.de,In diesen Kommunen können sich Rentner am meisten leisten – und hier am wenigsten,"Eine Studie hat für alle 400 deutschen Landkreise berechnet, wie gut Rentner von ihrem Einkommen leben können. Die günstigsten Landkreise finden sich im Osten der Republik, teuer ist es vielerorts in Bayern. Doch die teuerste Kommune überrascht.",https://img.welt.de/img/wirtschaft/mobile249345894/3621358337-ci16x9-w1200/Senior-couple-biking-in-a-park.jpg,2024-01-04T04:47:37Z,,Rentner sind nach einer neuen Studie in Ostdeutschland finanziell komfortabler gestellt als im Westen. Besonders günstig war das Verhältnis von Wohnkosten und Renteneinkommen im Jahr 2021 in Gera. Da… [+2349 chars],,de,'Inflation'
https://taz.de/Waermewende/!5981632/,https://taz.de/Waermewende/!5981632/,0,taz.de,Wärmewende: Wärme aus der Tiefe,"Probebohrungen sollen das Potenzial von Geothermie austesten. Der Bedarf an grüner Energie ist riesig, sowohl für die Forschung als auch fürs Heizen",https://taz.de/picture/6743930/948/34351350-1.jpeg,2024-01-04T06:00:00Z,,"Probebohrungen sollen das Potenzial von Geothermie austesten. Der Bedarf an grüner Energie ist riesig, sowohl für die Forschung als auch fürs Heizen
Tag der offenen Baustelle in Potsdam. Rund 2000 M… [+5873 chars]",,de,'Kälte'
https://www.stern.de/gesellschaft/regional/bayern/rente--studie--bayern-fuer-rentner-besonders-unguenstig-34336070.html,https://www.stern.de/gesellschaft/regional/bayern/rente--studie--bayern-fuer-rentner-besonders-unguenstig-34336070.html,0,www.stern.de,Rente: Studie: Bayern für Rentner besonders ungünstig,"Wo es sich finanziell komfortabel lebt, hängt von zwei Faktoren ab: Einkommen und Lebenshaltungskosten. Was die Rentenkaufkraft betrifft, so steht nach einer neuen Studie die ältere Generation in Bayern schlecht da.",https://image.stern.de/34336072/t/M0/v1/w1440/r1.7778/-/04--urnnewsmldpacom2009010124010499486888v3w800h600l634t181r1655b1267jpeg---4fb89a44c4f418e2.jpg,2024-01-04T06:02:43Z,,"Wo es sich finanziell komfortabel lebt, hängt von zwei Faktoren ab: Einkommen und Lebenshaltungskosten. Was die Rentenkaufkraft betrifft, so steht nach einer neuen Studie die ältere Generation in Bay… [+2654 chars]",,de,'Bayern'
https://www.zeit.de/news/2024-01/04/studie-bayern-fuer-rentner-besonders-unguenstig,https://www.zeit.de/news/2024-01/04/studie-bayern-fuer-rentner-besonders-unguenstig,0,www.zeit.de,Rente: Studie: Bayern für Rentner besonders ungünstig,Hier finden Sie Informationen zu dem Thema „Rente“. Lesen Sie jetzt „Studie: Bayern für Rentner besonders ungünstig“.,https://img.zeit.de/news/2024-01/04/studie-bayern-fuer-rentner-besonders-unguenstig-image-group/wide__1300x731,2024-01-04T06:02:43Z,,Rentnerinnen und Rentner stehen nach einer neuen Studie in Bayern finanziell schlechter da als in anderen Regionen Deutschland. Besonders günstig war das Verhältnis von Wohnkosten und Renteneinkommen… [+3056 chars],,de,'Bayern'
https://www.morgenpost.de/berlin/article241282938/Wetter-in-Berlin-Kaelte-Glaette-und-Schnee-prognostiziert.html,https://www.morgenpost.de/berlin/article241282938/Wetter-in-Berlin-Kaelte-Glaette-und-Schnee-prognostiziert.html,0,www.morgenpost.de,"Wetter in Berlin: Kälte, Glätte und Schnee prognostiziert",Die Temperaturen in Berlin und Brandenburg gehen in den Keller. Frost und Wolken und kühler Wind bestimmen die nächsten Tage.,https://img.sparknews.funkemedien.de/237427933/237427933_1704351807_v4_3_800.jpeg,2024-01-04T07:02:50Z,,"Berlin. Die Temperaturen in Berlin und Brandenburg gehen in den Keller. Frost und Wolken und kühler Wind bestimmen die nächsten Tage.
Berlin und Brandenburg müssen sich in der Nacht auf einen Temper… [+2067 chars]",,de,'Kälte'
https://www.stern.de/gesellschaft/regional/nordrhein-westfalen/preise--inflation-in-nrw-steigt-erstmals-seit-september-34336216.html,https://www.stern.de/gesellschaft/regional/nordrhein-westfalen/preise--inflation-in-nrw-steigt-erstmals-seit-september-34336216.html,0,www.stern.de,Preise: Inflation in NRW steigt erstmals seit September,"Die Inflation in Nordrhein-Westfalen hat sich erstmals seit September wieder verstärkt. Im bevölkerungsreichsten Bundesland stieg die Inflationsrate im Dezember auf 3,5 Prozent, wie das Statistische Landesamt am Donnerstag in Düsseldorf mitteilte. Im November…",https://image.stern.de/34336218/t/lE/v1/w1440/r1.7778/-/04--urnnewsmldpacom2009010124010499487354v3w800h600l788t271r1538b1298jpeg---41a73de75341b226.jpg,2024-01-04T07:13:05Z,,"Die Inflation in Nordrhein-Westfalen hat sich erstmals seit September wieder verstärkt. Im bevölkerungsreichsten Bundesland stieg die Inflationsrate im Dezember auf 3,5 Prozent, wie das Statistische … [+1252 chars]",,de,'Inflation'
https://www.zeit.de/news/2024-01/04/inflation-in-nrw-steigt-erstmals-seit-september,https://www.zeit.de/news/2024-01/04/inflation-in-nrw-steigt-erstmals-seit-september,0,www.zeit.de,Preise: Inflation in NRW steigt erstmals seit September,Hier finden Sie Informationen zu dem Thema „Preise“. Lesen Sie jetzt „Inflation in NRW steigt erstmals seit September“.,https://img.zeit.de/news/2024-01/04/inflation-in-nrw-steigt-erstmals-seit-september-image-group/wide__1300x731,2024-01-04T07:13:05Z,,"Die Inflation in Nordrhein-Westfalen hat sich erstmals seit September wieder verstärkt. Im bevölkerungsreichsten Bundesland stieg die Inflationsrate im Dezember auf 3,5 Prozent, wie das Statistische … [+1705 chars]",,de,'Inflation'
https://www.bild.de/politik/inland/politik-inland/waehler-befragt-diese-deutschen-freuen-sich-dass-energie-teurer-wird-86618092.bild.html,https://www.bild.de/politik/inland/politik-inland/waehler-befragt-diese-deutschen-freuen-sich-dass-energie-teurer-wird-86618092.bild.html,0,www.bild.de,"Wähler befragt - Diese Deutschen freuen sich, dass Energie teurer wird!","Fossile Energie (Gas, Benzin, Diesel) wird teurer. Wie reagieren Bürger 2024 auf die Mehrkosten? Nur die Hälfte der Bürger will sparen, ergab eine Umfrage","https://images.bild.de/65953593d8485933d0afca54/38185bb7aedea8a760eaf2d83019d92c,24e56a8a?w=1280",2024-01-04T08:58:02Z,,"Jeder dritte Deutsche will sich nach der Verteuerung fossiler Energieträger (Sprit, Gas) in diesem Jahr beim Tanken und Heizen zurückhalten.
Das ergab eine INSA-Umfrage im Auftrag von BILD. 
Demnac… [+1149 chars]",,de,'Gas'
https://www.zeit.de/news/2024-01/04/inflation-steigt-auf-3-4-prozent-lebensmittel-teurer,https://www.zeit.de/news/2024-01/04/inflation-steigt-auf-3-4-prozent-lebensmittel-teurer,0,www.zeit.de,"Preise: Inflation steigt auf 3,4 Prozent: Lebensmittel teurer","Hier finden Sie Informationen zu dem Thema „Preise“. Lesen Sie jetzt „Inflation steigt auf 3,4 Prozent: Lebensmittel teurer“.",https://img.zeit.de/news/2024-01/04/inflation-steigt-auf-3-4-prozent-lebensmittel-teurer-image-group/wide__1300x731,2024-01-04T09:31:07Z,,"Die Inflation in Bayern hat im Dezember wieder angezogen. Die Preissteigerung betrug 3,4 Prozent nach 2,8 Prozent im November. Wie das Landesamt für Statistik am Donnerstag mitteilte, verteuerten sic… [+1276 chars]",,de,'Inflation'
https://www.sueddeutsche.de/bayern/bayern-rentner-kaufkraft-studie-1.6328145,https://www.sueddeutsche.de/bayern/bayern-rentner-kaufkraft-studie-1.6328145,0,www.sueddeutsche.de,Kaufkraft im Alter: Studie: Bayern für Rentner besonders ungünstig,"Wo es sich finanziell komfortabel lebt, hängt von zwei Faktoren ab: Einkommen und Lebenshaltungskosten. Was die Rentenkaufkraft betrifft, so steht nach einer neuen Studie die ältere Generation in Bayern schlecht da.",https://www.sueddeutsche.de/image/sz.1.6042021/1200x675?v=1704360775,2024-01-04T09:33:00Z,,Rentnerinnen und Rentner stehen nach einer neuen Studie in Bayern finanziell schlechter da als in anderen Regionen Deutschland. Besonders günstig war das Verhältnis von Wohnkosten und Renteneinkommen… [+2424 chars],,de,'Bayern'
https://www.zeit.de/news/2024-01/04/inflation-in-sachsen-anhalt-beschleunigt-sich-wieder,https://www.zeit.de/news/2024-01/04/inflation-in-sachsen-anhalt-beschleunigt-sich-wieder,0,www.zeit.de,Verbraucherpreise: Inflation in Sachsen-Anhalt beschleunigt sich wieder,Hier finden Sie Informationen zu dem Thema „Verbraucherpreise“. Lesen Sie jetzt „Inflation in Sachsen-Anhalt beschleunigt sich wieder“.,https://img.zeit.de/news/2024-01/04/inflation-in-sachsen-anhalt-beschleunigt-sich-wieder-image-group/wide__1300x731,2024-01-04T09:51:55Z,,Die Verbraucherpreise in Sachsen-Anhalt sind 2023 im Jahresschnitt um 6 Prozent gestiegen. Zum Jahresende beschleunigte sich die Teuerung wieder. Für Dezember ermittelte das Statistische Landesamt ei… [+1992 chars],,de,'Inflation'
https://www.stern.de/gesellschaft/regional/sachsen-anhalt/verbraucherpreise--inflation-in-sachsen-anhalt-beschleunigt-sich-wieder-34336642.html,https://www.stern.de/gesellschaft/regional/sachsen-anhalt/verbraucherpreise--inflation-in-sachsen-anhalt-beschleunigt-sich-wieder-34336642.html,0,www.stern.de,Verbraucherpreise: Inflation in Sachsen-Anhalt beschleunigt sich wieder,"Die Verbraucherpreise in Sachsen-Anhalt sind 2023 im Jahresschnitt um 6 Prozent gestiegen. Zum Jahresende beschleunigte sich die Teuerung wieder. Für Dezember ermittelte das Statistische Landesamt eine Inflationsrate von 3,5 Prozent. Im November waren die Ver…",https://image.stern.de/34336644/t/u4/v1/w1440/r1.7778/-/04--urnnewsmldpacom2009010124010499488878v3w800h600l640t446r1920b1338jpeg---139c4bfd701233f4.jpg,2024-01-04T09:51:55Z,,Die Verbraucherpreise in Sachsen-Anhalt sind 2023 im Jahresschnitt um 6 Prozent gestiegen. Zum Jahresende beschleunigte sich die Teuerung wieder. Für Dezember ermittelte das Statistische Landesamt ei… [+1645 chars],,de,'Inflation'
https://www.brigitte.de/leben/jogging-gadgets--das-brauchst-du-fuers-laufen-im-winter--13488544.html,https://www.brigitte.de/leben/jogging-gadgets--das-brauchst-du-fuers-laufen-im-winter--13488544.html,0,www.brigitte.de,Jogging Gadgets: So macht Laufen auch im Winter Spaß,Kalte Temperaturen sind kein Hindernis für passionierte Läufer:innen. Wir zeigen sieben günstige Jogging Gadgets für die dunkle Jahreszeit.,https://image.brigitte.de/13443832/t/Fu/v2/w1440/r1.7778/-/geschenke-laeufer.jpg,2024-01-04T10:15:00Z,,"Es ist dunkel, es ist nass, der Wind pfeift: Die Wintermonate sind für viele von uns die beste Ausrede, es sich nach getaner Arbeit auf der Couch gemütlich zu machen. Doch für viele Sportbegeisterte … [+3336 chars]",,de,'Kälte'
https://www.welt.de/wirtschaft/video249349894/Inflation-steigt-nach-Prognosen-weiter-Verbraucher-muessen-sich-auf-Preisanstiege-einstellen.html,https://www.welt.de/wirtschaft/video249349894/Inflation-steigt-nach-Prognosen-weiter-Verbraucher-muessen-sich-auf-Preisanstiege-einstellen.html,0,www.welt.de,Verbraucher müssen sich auf Preisanstiege einstellen,"Die Inflation steigt nach Prognosen wieder an. Volkswirte rechnen mit teureren Lebensmitteln und erhöhten Preisen für Fernwärme. Hermann-Josef Tenhagen, Chefredakteur „Finanztip“, gibt Ratschläge, wie Sie dennoch sparen können.",https://img.welt.de/img/wirtschaft/mobile249350092/4221354357-ci16x9-w1200/219346749-jpg.jpg,2024-01-04T10:22:35Z,,"Die WELT als ePaper: Die vollständige Ausgabe steht Ihnen bereits am Vorabend zur Verfügung so sind Sie immer hochaktuell informiert. Weitere Informationen: http://epaper.welt.de 
 Der Kurz-Link die… [+49 chars]",,de,'Inflation'
https://www.stern.de/gesellschaft/regional/baden-wuerttemberg/wetter--winter-meldet-sich-mit-schnee-und-kaelte-zurueck-34337052.html,https://www.stern.de/gesellschaft/regional/baden-wuerttemberg/wetter--winter-meldet-sich-mit-schnee-und-kaelte-zurueck-34337052.html,0,www.stern.de,Wetter: Winter meldet sich mit Schnee und Kälte zurück,Der Deutsche Wetterdienst erwartet am Wochenende Schneefall. Samstag wird wohl nur das Bergland betroffen sein. Sonntag könnte es dann in fast ganz Baden-Württemberg schneien.,https://image.stern.de/34337054/t/9n/v1/w1440/r1.7778/-/04--urnnewsmldpacom2009010124010499490070v3w800h600l640t478r1920b1438jpeg---5e89ba268ac3f7b8.jpg,2024-01-04T11:28:50Z,,"Der Deutsche Wetterdienst erwartet am Wochenende Schneefall. Samstag wird wohl nur das Bergland betroffen sein. Sonntag könnte es dann in fast ganz Baden-Württemberg schneien.
Der Deutsche Wetterdie… [+1749 chars]",,de,'Kälte'
https://www.zeit.de/news/2024-01/04/winter-meldet-sich-mit-schnee-und-kaelte-zurueck,https://www.zeit.de/news/2024-01/04/winter-meldet-sich-mit-schnee-und-kaelte-zurueck,0,www.zeit.de,Wetter: Winter meldet sich mit Schnee und Kälte zurück,Hier finden Sie Informationen zu dem Thema „Wetter“. Lesen Sie jetzt „Winter meldet sich mit Schnee und Kälte zurück“.,https://img.zeit.de/news/2024-01/04/winter-meldet-sich-mit-schnee-und-kaelte-zurueck-image-group/wide__1300x731,2024-01-04T11:28:50Z,,"Der Deutsche Wetterdienst (DWD) rechnet zum Ferienende am Wochenende mit leichtem Schneefall in Baden-Württemberg. Betroffen seien am Samstag Lagen oberhalb von etwa 500 Metern, wie Oberschwaben, das… [+2387 chars]",,de,'Kälte'
https://www.focus.de/earth/news/riesiges-potential-weltweit-heizen-mit-geothermie-aus-alter-kohlegrube-bochum-nutzt-altes-bergwerk_id_259547610.html,https://www.focus.de/earth/news/riesiges-potential-weltweit-heizen-mit-geothermie-aus-alter-kohlegrube-bochum-nutzt-altes-bergwerk_id_259547610.html,0,www.focus.de,Riesiges Potential weltweit - Heizen mit Geothermie aus alter Kohlegrube - Bochum nutzt altes Bergwerk,Mit Wärme aus alten Kohleschächten will die Stadt Bochum künftig einen neuen Stadtteil heizen. Das Potential ist riesig: In Zukunft könnten Städte weltweit so effizient versorgt werden. Ein Besuch auf der Baustelle.,https://p6.focus.de/img/auto/elektroauto/news/id_258381693/preise-fuer-geothermie-erhoeht-den-grund-akzeptieren-die-kunden-nicht.jpg?im=Crop%3D%280%2C45%2C1440%2C720%29%3BResize%3D%281200%2C627%29&impolicy=perceptual&quality=mediumHigh&hash=406dff61044c9ec36aa503fb677ec951102083f331d72f0283792be5667c7ea1,2024-01-04T11:35:04Z,,"Ein paar Gebäude des Innovationsquartiers Mark 51°7 in Bochum stehen schon, doch der größte Teil des früheren Industriegelände ist noch eine große Baustelle.
Wir stehen hier auf dem Geothermieplatz.… [+5388 chars]",,de,'Kälte'
https://www.sueddeutsche.de/medien/tatort-ludwigshafen-avatar-1.6328419,https://www.sueddeutsche.de/medien/tatort-ludwigshafen-avatar-1.6328419,0,www.sueddeutsche.de,"""Tatort"" mit Lena Odenthal: In der Kälte des Moments","In ""Avatar"" erzählen die Ludwigshafener davon, dass im Netz nicht nur Gefahren lauern. Sondern auch Trost und Mut.",https://www.sueddeutsche.de/image/sz.1.6328420/1200x675?v=1704376751,2024-01-04T13:59:14Z,,"Dieser Tatort vom SWR schlägt sozusagen Brücken von der Vergangenheit ins Futuristische. Vergangenheit sind jetzt, nach 25-jährigem Dauerdienst, die Sekretärin Edith Keller und der Kriminaltechniker … [+3058 chars]",,de,'Kälte'
https://www.nzz.ch/panorama/eine-arktische-kaelte-liegt-ueber-nordeuropa-ld.1772835,https://www.nzz.ch/panorama/eine-arktische-kaelte-liegt-ueber-nordeuropa-ld.1772835,0,www.nzz.ch,"Minus 43,1 Grad: Eine arktische Kälte liegt über Nordeuropa",Beobachtungen aus einem richtigen Winter.,"https://img.nzz.ch/2024/01/04/4ac52b34-bfa1-44e2-8d3b-37da04b5b4ad.jpeg?width=1200&height=675&fit=bound&quality=75&auto=webp&crop=5669,3189,x0,y296&wmark=nzz",2024-01-04T14:14:50Z,,"In Kiruna herrscht im Moment die arktische Temperatur von 39 Grad.
Die Kälte lässt den Atem stocken. Die eisige Luft kratzt in der Kehle, lässt die Augen tränen und die Haut kribbeln. Der Schal, übe… [+3746 chars]",,de,'Kälte'
https://www.n-tv.de/panorama/Auf-den-Dauerregen-folgt-klirrende-Kaelte-article24639392.html,https://www.n-tv.de/panorama/Auf-den-Dauerregen-folgt-klirrende-Kaelte-article24639392.html,0,www.n-tv.de,Unter minus 20 Grad möglich: Auf den Dauerregen folgt klirrende Kälte,In den Hochwasser-Gebieten regnet und regnet es. Laut dem ntv-Wetterexperten Björn Alexander halten die Niederschläge noch bis Samstag an. Dann aber legt sich der Winter über das Land: Es kann ordentlich schneien und es wird in manchen Gebieten sehr kalt.,https://bilder1.n-tv.de/img/incoming/crop24639404/3561322324-cImg_16_9-w1200/263135881959c23dc295cf4135bcb1dc.jpg,2024-01-04T14:23:47Z,,In den Hochwasser-Gebieten regnet und regnet es. Laut dem ntv-Wetterexperten Björn Alexander halten die Niederschläge noch bis Samstag an. Dann aber legt sich der Winter über das Land: Es kann ordent… [+4382 chars],,de,'Winter'
https://www.zeit.de/2024-01/skandinavien-kaelte-winter-schnee-fs,https://www.zeit.de/2024-01/skandinavien-kaelte-winter-schnee-fs,0,www.zeit.de,Kältewelle in Skandinavien: Leben auf Eis gelegt,In Skandinavien ist es ungewöhnlich kalt. Die Temperaturen fielen teilweise unter minus 40 Grad. Das stellt die dort lebenden Menschen vor Herausforderungen. Die Bilder,https://img.zeit.de/wissen/umwelt/2024-01/skandinavien-kaelte-winter-schnee-bild/wide__1300x731,2024-01-04T16:43:04Z,,"Kälte, Schnee und stürmische Winde sogen in ganz Skandinavien für Chaos. Brücken mussten gesperrt werden, Zug- und Fährverbindungen wurden eingestellt und Schulen geschlossen. In Dänemark rief die Po… [+293 chars]",,de,'Kälte'
https://www.bild.de/video/clip/news/schneechaos-in-schweden-autofahrer-ueber-12-stunden-in-stau-gefangen-86636752.bild.html,https://www.bild.de/video/clip/news/schneechaos-in-schweden-autofahrer-ueber-12-stunden-in-stau-gefangen-86636752.bild.html,0,www.bild.de,Schneechaos in Schweden - Autofahrer über 12 Stunden in Stau gefangen,"Eisige Kälte, Wind und immer mehr Schnee: Langer Stau auf der E22 im Süden Schwedens. Über Stunden stecken die Autofahrer hier fest.","https://images.bild.de/6596d88adc3fc425d2591368/ddade91d92de276477b62c3b5fb9255a,8bbec5d3?w=1280",2024-01-04T17:19:03Z,,"Mehr zum Video anzeigen
Eisige Kälte, Wind und immer mehr Schnee kein Weiterkommen. Auf dieser Autobahn im Süden Schwedens geht am Mittwoch nichts mehr: Starker Schneefall und liegengebliebene Lkw s… [+134 chars]",,de,'Kälte'
https://www.stern.de/gesellschaft/regional/bayern/ueberschwemmungen--hochwassersituation-bleibt-kritisch-34336144.html,https://www.stern.de/gesellschaft/regional/bayern/ueberschwemmungen--hochwassersituation-bleibt-kritisch-34336144.html,0,www.stern.de,Überschwemmungen: Hochwassersituation bleibt kritisch,Weitere Regenfälle haben die Hochwasserlage in Teilen Bayerns weiter verschärft. Überschwemmungen in bebauten Gebieten schließen die Experten nicht aus.,https://image.stern.de/34336146/t/xX/v3/w1440/r1.7778/-/04--urnnewsmldpacom2009010124010499487107v3w800h600l893t361r1589b1267jpeg---6c807ac48bb6a100.jpg,2024-01-04T18:33:55Z,,"Weitere Regenfälle haben die Hochwasserlage in Teilen Bayerns weiter verschärft. Überschwemmungen in bebauten Gebieten schließen die Experten nicht aus.
Die Hochwassersituation im Norden und Osten B… [+3008 chars]",,de,'Bayern'
https://orf.at/stories/3344715/,https://orf.at/stories/3344715/,0,orf.at,Auch Österreich steht Wintereinbruch bevor,"Das neue Jahr hat im Norden Europas mit extremer Kälte begonnen: In Schweden und Finnland wurden diese Woche teilweise weit unter minus 30 Grad Celsius gemessen. Während es in Skandinavien gegen Wochenende etwas wärmer wird, steht Österreich der nächste Winte…",https://ibs.orf.at/news?image=https%3A%2F%2Fassets.orf.at%2Fmims%2F2024%2F01%2F40%2Fcrops%2Fw%3D1200%2Ch%3D630%2Cq%3D75%2F2060929_master_777740_klima_wetter_kaelte_im.jpg%3Fs%3Da83122ebf7825a6a5df95233627c3da23896e01c,2024-01-04T18:59:04Z,,"Schon am Samstag soll es verbreitet teils anhaltenden Niederschlag geben, in ganz Österreich wird es durchwegs trüb mit Regen oder Schneefall. In der Nacht von Dreikönig auf Sonntag sinken die Temper… [+3386 chars]",,de,'Kälte'
https://www.n-tv.de/politik/22-19-Selenskyj-rechnet-fest-mit-baldiger-Ruestungshilfe--article24640337.html,https://www.n-tv.de/politik/22-19-Selenskyj-rechnet-fest-mit-baldiger-Ruestungshilfe--article24640337.html,0,www.n-tv.de,Ukraine-Krieg im Liveticker: +++ 22:19 Selenskyj rechnet fest mit baldiger Rüstungshilfe +++,Lesen Sie alle aktuellen Entwicklungen und Nachrichten über den russischen Angriffskrieg auf die Ukraine im Liveticker von ntv.de.,https://bilder2.n-tv.de/img/incoming/crop23332537/9041326157-cImg_16_9-w1200/Liveticker1-grau-1-Kopie.jpg,2024-01-04T19:00:00Z,,"Die Ukraine rechnet nach Angaben von Präsident Wolodymr Selenskyj bald mit neuer ausländischer Rüstungshilfe. ""Ich bin allen unseren Partnern dankbar, die bereits neue Unterstützungspakete schnüren"",… [+33580 chars]",,de,'Krieg'
https://www.freitag.de/autoren/beate-troeger/neuauflage-ingeborg-bachmanns-erster-gedichtband-die-gestundete-zeit,https://www.freitag.de/autoren/beate-troeger/neuauflage-ingeborg-bachmanns-erster-gedichtband-die-gestundete-zeit,0,www.freitag.de,Poesie | Ingeborg Bachmanns erster Gedichtband „Die gestundete Zeit“ neu aufgelegt,"Ingeborg Bachmann hat in ihrem ersten Gedichtband „Die gestundete Zeit“ die Kälte und Härte der Nachkriegszeit gefasst. Der erwartete Skandal blieb aus. Warum die Lektüre heute lohnt „Ich bin jetzt mehr denn je davon überzeugt, dass das Erscheinen dieses Band…",https://www.freitag.de/autoren/beate-troeger/neuauflage-ingeborg-bachmanns-erster-gedichtband-die-gestundete-zeit/@@images/social_image,2024-01-05T03:00:00Z,,"Ich bin jetzt mehr denn je davon überzeugt, dass das Erscheinen dieses Bandes ein Ereignis sein wird (). Denn Ihre Gedichte blenden ja nicht, sondern senken sich langsam auf den Grund, schrieb Alfred… [+7035 chars]",,de,'Kälte'
https://www.stern.de/gesellschaft/regional/nordrhein-westfalen/energie--windraeder-im-wald-geplant---kein-zubau-auf-forstflaechen-2023-34339076.html,https://www.stern.de/gesellschaft/regional/nordrhein-westfalen/energie--windraeder-im-wald-geplant---kein-zubau-auf-forstflaechen-2023-34339076.html,0,www.stern.de,Energie: Windräder im Wald geplant - kein Zubau auf Forstflächen 2023,In den Wäldern Nordrhein-Westfalens stehen im Vergleich zu anderen Bundesländern eher wenige Windräder. Doch das dürfte sich nach Einschätzung der Windkraft-Branche und Forstleuten in den kommenden Jahren ändern.,https://image.stern.de/34339078/t/we/v1/w1440/r1.7778/-/05--urnnewsmldpacom2009010124010599497463v2w800h600l851t1073r4720b3726jpeg---5deb268a4584bce1.jpg,2024-01-05T04:56:55Z,,In den Wäldern Nordrhein-Westfalens stehen im Vergleich zu anderen Bundesländern eher wenige Windräder. Doch das dürfte sich nach Einschätzung der Windkraft-Branche und Forstleuten in den kommenden J… [+4165 chars],,de,'Windräder'
https://www.zeit.de/news/2024-01/05/windraeder-im-wald-geplant-kein-zubau-auf-forstflaechen-2023,https://www.zeit.de/news/2024-01/05/windraeder-im-wald-geplant-kein-zubau-auf-forstflaechen-2023,0,www.zeit.de,Energie: Windräder im Wald geplant - kein Zubau auf Forstflächen 2023,Hier finden Sie Informationen zu dem Thema „Energie“. Lesen Sie jetzt „Windräder im Wald geplant - kein Zubau auf Forstflächen 2023“.,https://img.zeit.de/news/2024-01/05/windraeder-im-wald-geplant-kein-zubau-auf-forstflaechen-2023-image-group/wide__1300x731,2024-01-05T04:56:55Z,,Der lange zurückhaltende Ausbau von Windkraft in nordrhein-westfälischen Wäldern wird Experten zufolge in den kommenden Jahren an Fahrt aufnehmen. Zwar sei im Jahr 2023 kein nennenswerter Zubau auf d… [+4423 chars],,de,'Windräder'
https://www.sueddeutsche.de/panorama/hochwasser-deutschland-aktuell-lage-deiche-dauerregen-kaelte-1.6327074,https://www.sueddeutsche.de/panorama/hochwasser-deutschland-aktuell-lage-deiche-dauerregen-kaelte-1.6327074,0,www.sueddeutsche.de,Flutkatastrophe: Dauerregen hört auf - jetzt kommt die große Kälte,"Die Unwetterwarnungen sind aufgehoben, vielerorts kommt kein neuer Regen mehr dazu. Am Wochenende soll Schnee fallen. Allerdings besteht nach wie vor die Gefahr, dass durchgeweichte Deiche brechen.",https://www.sueddeutsche.de/image/sz.1.6328663/1200x675?v=1704449554,2024-01-05T07:51:33Z,,"Für unseren Liveblog verwenden wir neben eigenen Recherchen Material der Nachrichtenagenturen dpa, Reuters, epd und KNA.",,de,'Kälte'
https://www.nzz.ch/zuerich/windkraft-in-zuerich-initiativen-gegen-windraeder-laut-bezirksrat-hinwil-gueltig-ld.1773011,https://www.nzz.ch/zuerich/windkraft-in-zuerich-initiativen-gegen-windraeder-laut-bezirksrat-hinwil-gueltig-ld.1773011,0,www.nzz.ch,Im Zweifel für das Volksrecht: Bezirksrat Hinwil erklärt kommunale Initiativen gegen Windräder für gültig,"Die kantonale Aufsicht fordert von den Gemeindeexekutiven, die Stimmberechtigten über die ungewisse Umsetzung zu informieren.","https://img.nzz.ch/2023/06/22/108b72e1-886b-4660-903f-6e819936185a.jpeg?width=1200&height=674&fit=bound&quality=75&auto=webp&crop=5145,2890,x0,y270&wmark=nzz",2024-01-05T10:47:35Z,,"Hat die Bevölkerung nicht gestört: Windkraftanlage auf dem Mont-Soleil im Berner Jura.
Der Kanton Zürich ist daran, in seinem Richtplan geeignete Gebiete für die Nutzung der Windenergie festzulegen.… [+3461 chars]",,de,'Windräder'
https://www.kraftfuttermischwerk.de/blogg/ezio-aguiar-die-sonne-geht-auf-ueber-dem-acid-bogen-kater-blau-dez-2023/,https://www.kraftfuttermischwerk.de/blogg/ezio-aguiar-die-sonne-geht-auf-ueber-dem-acid-bogen-kater-blau-dez-2023/,0,www.kraftfuttermischwerk.de,"Ezio Aguiar – Die Sonne geht auf über dem Acid Bogen, Kater Blau, Dez 2023","Ich habe aktuell echt dringliche Sonnensehnsucht. Das Grau, die Kälte, jeden Tag auf dem Rad nass werden – ich will das nicht mehr. Aber manchmal…Mehr lesen ->Ezio Aguiar  – Die Sonne geht auf über dem Acid Bogen, Kater Blau, Dez 2023",https://www.kraftfuttermischwerk.de/blogg/wp-content/uploads2/2024/01/Bildschirmfoto-2024-01-05-um-12.47.15.jpg,2024-01-05T11:47:43Z,,"Ich habe aktuell echt dringliche Sonnensehnsucht. Das Grau, die Kälte, jeden Tag auf dem Rad nass werden ich will das nicht mehr. Aber manchmal macht Musik eben auch das ein kleines bisschen besser. … [+1356 chars]",,de,'Kälte'
https://www.nzz.ch/meinung/russlands-wirtschaft-ist-widerstandsfaehig-zum-preis-eines-langfristigen-niedergangs-ld.1771347,https://www.nzz.ch/meinung/russlands-wirtschaft-ist-widerstandsfaehig-zum-preis-eines-langfristigen-niedergangs-ld.1771347,0,www.nzz.ch,KOMMENTAR - Russlands Wirtschaft ist widerstandsfähig – zum Preis eines langfristigen Niedergangs,Moskau erfreut sich hoher Wachstumszahlen und einer niedrigen Arbeitslosenquote. Die Kriegswirtschaft scheint auf Kurs zu sein. Sie läuft aber zu gut.,"https://img.nzz.ch/2023/12/22/e82a7fca-6f1d-4254-8808-b22d3f49d3ac.jpeg?width=1200&height=674&fit=bound&quality=75&auto=webp&crop=4038,2269,x0,y1&wmark=nzz",2024-01-06T04:30:00Z,,"In der russischen Elite ist die Nationalbankpräsidentin Elwira Nabiullina für schlechte Nachrichten und nüchterne Analysen zuständig: Sie erhöhte den Leitzinssatz auf 16 Prozent.
«EU, danke für das … [+4077 chars]",,de,'Krieg'
https://www.nzz.ch/meinung/nach-7-oktober-aussichten-auf-den-kommenden-buergerkrieg-ld.1770656,https://www.nzz.ch/meinung/nach-7-oktober-aussichten-auf-den-kommenden-buergerkrieg-ld.1770656,0,www.nzz.ch,"GASTKOMMENTAR - Der kommende Bürgerkrieg – der Nahostkonflikt hat sich mit dem 7. Oktober zum globalen Paradigma entwickelt, die Tat propagiert die Logik der Eskalation","Das pogromartige Massaker der Hamas zielte auf die Schwächung des jüdischen Staates, aber auch auf die Mobilisierung eines weltweiten Erregungsraums, in dem Affekte und Gegenaffekte sich unkontrolliert verstärken. Auf dass der Wahn in Krieg und Bürgerkrieg mü…","https://img.nzz.ch/2024/01/05/db8347ce-44ed-4161-b442-5ace1afa987b.jpeg?width=1200&height=674&fit=bound&quality=75&auto=webp&crop=3437,1931,x0,y1&wmark=nzz",2024-01-06T04:30:00Z,,"Als ich vor dreissig Jahren zum ersten Mal nach Amerika reiste, musste ich vor der Landung ein Formular ausfüllen, auf dem ich Angaben zu meiner Rasse machen sollte. Ich wusste nicht, was ich ankreuz… [+9868 chars]",,de,'Krieg'
https://www.morgenpost.de/politik/ausland/article241359750/UN-Gazastreifen-ist-unbewohnbar-geworden.html,https://www.morgenpost.de/politik/ausland/article241359750/UN-Gazastreifen-ist-unbewohnbar-geworden.html,0,www.morgenpost.de,UN: Gazastreifen ist „unbewohnbar“ geworden,"Hilfsorganisationen sprechen im Gazastreifen von einer drohenden Hungersnot, Südafrika gar von Genozid. Drei Monate nach Kriegsbeginn sieht sich Israel schweren Vorwürfe ausgesetzt - und wehrt sich.",https://img.sparknews.funkemedien.de/241359748/241359748_1704516075_v4_3_800.jpeg,2024-01-06T04:37:09Z,,"Gaza. Hilfsorganisationen sprechen im Gazastreifen von einer drohenden Hungersnot, Südafrika gar von Genozid. Drei Monate nach Kriegsbeginn sieht sich Israel schweren Vorwürfe ausgesetzt - und wehrt … [+5181 chars]",,de,'Krieg'
https://www.stern.de/politik/ausland/krieg-in-nahost--un--gazastreifen-ist--unbewohnbar--geworden-34341972.html,https://www.stern.de/politik/ausland/krieg-in-nahost--un--gazastreifen-ist--unbewohnbar--geworden-34341972.html,0,www.stern.de,"Krieg in Nahost: UN: Gazastreifen ist ""unbewohnbar"" geworden","Hilfsorganisationen sprechen im Gazastreifen von einer drohenden Hungersnot, Südafrika gar von Genozid. Drei Monate nach Kriegsbeginn sieht sich Israel schweren Vorwürfe ausgesetzt - und wehrt sich.",https://image.stern.de/34341974/t/Dh/v1/w1440/r1.7778/-/06--urnnewsmldpacom2009010124010699508633v2w800h600l1579t1284r4939b3524jpeg---211298eaae3c8ffa.jpg,2024-01-06T04:37:09Z,,"Hilfsorganisationen sprechen im Gazastreifen von einer drohenden Hungersnot, Südafrika gar von Genozid. Drei Monate nach Kriegsbeginn sieht sich Israel schweren Vorwürfe ausgesetzt - und wehrt sich.… [+5163 chars]",,de,'Krieg'
https://www.zeit.de/news/2024-01/06/un-gazastreifen-ist-unbewohnbar-geworden,https://www.zeit.de/news/2024-01/06/un-gazastreifen-ist-unbewohnbar-geworden,0,www.zeit.de,Krieg in Nahost: UN: Gazastreifen ist «unbewohnbar» geworden,"Hier finden Sie Informationen zu dem Thema „Krieg in Nahost“. Lesen Sie jetzt „UN: Gazastreifen ist ""unbewohnbar"" geworden“.",https://img.zeit.de/news/2024-01/06/un-gazastreifen-ist-unbewohnbar-geworden-image-group/wide__1300x731,2024-01-06T04:37:09Z,,Drei Monate nach Beginn des Kriegs im Gazastreifen zwischen Israel und der islamistischen Hamas herrscht dort nach Beschreibung von Hilfsorganisationen der blanke Horror. «Gaza ist zu einem Ort des T… [+5673 chars],,de,'Krieg'
https://www.faz.net/aktuell/politik/ausland/israel-krieg-im-liveticker-ngo-mehr-wilde-israelische-siedlungen-im-westjordanland-faz-19226976.html,https://www.faz.net/aktuell/politik/ausland/israel-krieg-im-liveticker-ngo-mehr-wilde-israelische-siedlungen-im-westjordanland-faz-19226976.html,0,www.faz.net,Liveblog zum Krieg in Nahost: NGO: Mehr wilde israelische Siedlungen im Westjordanland,Französische und jordanische Luftwaffen werfen humanitäre Hilfe ab +++ Offenbar heftiger Streit zwischen israelischen Militärs und rechten Ministern +++ IOM: Mehr als 76.000 Menschen in Libanon vertrieben +++ alle Entwicklungen im Liveblog,https://media1.faz.net/ppmedia/aktuell/politik/1880053084/1.9429853/facebook_teaser/ein-konvoi-israelischer.jpg,2024-01-06T04:47:45Z,,Seit dem Beginn des Krieges im Gazastreifen hat es Aktivisten zufolge im Westjordanland eine beispiellose Zunahme israelischer Siedlungen gegeben. Laut einem Bericht der israelischen Nichtregierungso… [+1364 chars],,de,'Krieg'
https://www.faz.net/aktuell/politik/ausland/krieg-in-nahost-un-gazastreifen-ist-unbewohnbar-geworden-19429848.html,https://www.faz.net/aktuell/politik/ausland/krieg-in-nahost-un-gazastreifen-ist-unbewohnbar-geworden-19429848.html,0,www.faz.net,Krieg in Nahost: UN: Gazastreifen ist „unbewohnbar“ geworden,"Hilfsorganisationen sprechen von einem „Ort des Todes und der Verzweiflung“, Südafrika gar von Genozid. Drei Monate nach Kriegsbeginn sieht sich Israel schweren Vorwürfen ausgesetzt - und wehrt sich. Der Überblick.",https://media1.faz.net/ppmedia/aktuell/1654330008/1.9429861/facebook_teaser/ein-palaestinensischer-junge.jpg,2024-01-06T05:02:38Z,,Drei Monate nach Beginn des Kriegs im Gazastreifen zwischen Israel und der islamistischen Hamas herrscht dort nach Beschreibung von Hilfsorganisationen der blanke Horror. Gaza ist zu einem Ort des To… [+4542 chars],,de,'Krieg'
https://www.n-tv.de/politik/NGO-Zahl-israelischer-Siedler-im-Westjordanland-steigt-article24642952.html,https://www.n-tv.de/politik/NGO-Zahl-israelischer-Siedler-im-Westjordanland-steigt-article24642952.html,0,www.n-tv.de,Rapide Zunahme seit Kriegsbeginn: NGO: Zahl israelischer Siedler im Westjordanland steigt,"Seit Beginn des Israel-Hamas-Krieges gibt es deutlich mehr wilde israelische Siedlungen im Westjordanland. Die israelische NGO Peace Now spricht von einem ""Rekord"" an neu errichteten Außenposten und warnt: Einige Siedler versuchen zunehmend, die Palästinenser…",https://bilder1.n-tv.de/img/incoming/crop24642972/249132365-cImg_16_9-w1200/305761721.jpg,2024-01-06T06:09:10Z,,"Seit Beginn des Israel-Hamas-Krieges gibt es deutlich mehr wilde israelische Siedlungen im Westjordanland. Die israelische NGO Peace Now spricht von einem ""Rekord"" an neu errichteten Außenposten und … [+2668 chars]",,de,'Krieg'
https://www.focus.de/politik/ausland/ukraine-krise/ukraine-update-am-morgen-russland-versucht-gegner-von-dnipro-brueckenkoepfen-zu-schiessen-und-scheitert_id_259552576.html,https://www.focus.de/politik/ausland/ukraine-krise/ukraine-update-am-morgen-russland-versucht-gegner-von-dnipro-brueckenkoepfen-zu-schiessen-und-scheitert_id_259552576.html,0,www.focus.de,Ukraine-Update am Morgen - Russland versucht Gegner von Dnipro-Brückenköpfen zu schießen - und scheitert,"Russland versucht am Donnerstag, ukrainische Truppen von Brückenköpfen am Dnipro zu schießen und scheitert. Putins Truppen setzen zudem weitere Raketen aus Nordkorea in der Ukraine ein. Was in der Nacht im Krieg gegen die Ukraine passiert ist.",https://p6.focus.de/img/fotos/id_248003715/ukrainische-soldaten-gehen-am-ufer-des-flusses-dnipro..jpg?im=Crop%3D%280%2C431%2C3000%2C1498%29%3BResize%3D%281200%2C627%29&impolicy=perceptual&quality=mediumHigh&hash=cbf2ff1327febcb65a5109c277ba91f4ae9a546f972d9ab7061981b0dff7959f,2024-01-06T07:01:01Z,,"Russland versucht am Donnerstag, ukrainische Truppen von Brückenköpfen am Dnipro zu schießen und scheitert. Putins Truppen setzen zudem weitere Raketen aus Nordkorea in der Ukraine ein. Was in der Na… [+1755 chars]",,de,'Putin'
